{"cameraMode":{"drawMode":0,"name":"Shaded","section":"Shading Mode"},"sceneLighting":false,"audioPlay":false,"sceneViewState":{"showFog":true,"showMaterialUpdate":true,"showSkybox":true,"showFlares":true,"showImageEffects":true,"showParticleSystems":true},"in2DMode":false,"pivot":{"x":-8.743760108947754,"y":5.86605978012085,"z":-12.538158416748047},"rotation":{"x":-0.12481604516506195,"y":-0.34996241331100466,"z":0.04710984602570534,"w":-0.9272152185440064},"size":1.9016635417938233,"orthographic":false}