{"cameraMode":{"drawMode":0,"name":"Shaded","section":"Shading Mode"},"sceneLighting":true,"audioPlay":false,"sceneViewState":{"showFog":true,"showMaterialUpdate":true,"showSkybox":true,"showFlares":true,"showImageEffects":true,"showParticleSystems":true},"in2DMode":false,"pivot":{"x":1.5800703763961793,"y":-2.393282651901245,"z":12.295988082885743},"rotation":{"x":-0.22591400146484376,"y":0.30561673641204836,"z":-0.07488977909088135,"w":-0.9219288229942322},"size":14.138708114624024,"orthographic":false}